sync_index,port,frame_index,frame_time
0,0,0,162159.5441953
0,1,0,162159.54317195
0,2,0,162159.54327515
1,0,1,162159.5870574
1,1,1,162159.58867345
1,2,1,162159.58556125
2,0,2,162159.64054410002
2,1,2,162159.63966719998
2,2,2,162159.62740855
3,0,3,162159.67109825002
3,1,3,162159.674565
3,2,3,162159.67641195
4,0,4,162159.70930634998
4,1,4,162159.71296039998
4,2,4,162159.71024905
5,0,5,162159.7512114
5,1,5,162159.75424075
5,2,5,162159.75260414998
6,0,6,162159.7932192
6,1,6,162159.79434075
6,2,6,162159.79441325
7,0,7,162159.835441
7,1,7,162159.8364734
7,2,7,162159.8357386
8,0,8,162159.8770701
8,1,8,162159.87617940002
8,2,8,162159.87764495
9,0,9,162159.9254769
9,1,9,162159.92122800002
9,2,9,162159.92097815
10,0,10,162159.9606318
10,1,10,162159.9604705
10,2,10,162159.9605779
11,0,11,162160.0026443
11,1,11,162160.00104695
11,2,11,162160.0043186
12,0,12,162160.04313985002
12,1,12,162160.04413685
12,2,12,162160.04325015
13,0,13,162160.08552189998
13,1,13,162160.0852282
13,2,13,162160.0870292
14,0,14,162160.1263948
14,1,14,162160.12727539998
14,2,14,162160.1265217
15,0,15,162160.16842695
15,1,15,162160.1683547
15,2,15,162160.16936515
16,0,16,162160.2101271
16,1,16,162160.21233140002
16,2,16,162160.2112503
17,0,17,162160.2525855
17,1,17,162160.25317455002
17,2,17,162160.25300605
18,0,18,162160.29324715
18,1,18,162160.2956428
18,2,18,162160.29589419998
19,0,19,162160.33517305
19,1,19,162160.33617095
19,2,19,162160.33541615
20,0,20,162160.37733415002
20,1,20,162160.37740175
20,2,20,162160.37636619998
21,0,21,162160.421588
21,1,21,162160.41823055
21,2,21,162160.41827984998
22,0,22,162160.45907585
22,1,22,162160.4604184
22,2,22,162160.4605289
23,0,23,162160.50413820002
23,1,23,162160.50268079998
23,2,23,162160.50127395
24,0,24,162160.54490925
24,1,24,162160.54302024998
24,2,24,162160.54397895
25,0,25,162160.58532875002
25,1,25,162160.5892057
25,2,25,162160.58490334998
26,0,26,162160.6332262
26,1,26,162160.62747545
26,2,26,162160.6271116
27,0,27,162160.6687748
27,1,27,162160.67131855
27,2,27,162160.66860865
28,0,28,162160.7116405
28,1,28,162160.71171225
28,2,28,162160.71256994997
29,0,29,162160.7520686
29,1,29,162160.75317845
29,2,29,162160.75103275
30,0,30,162160.79603565
30,1,30,162160.79457864998
30,2,30,162160.79320085002
31,0,31,162160.83519329998
31,1,31,162160.835281
31,2,31,162160.8358224
32,0,32,162160.87871174997
32,1,32,162160.87750775
32,2,32,162160.87625929998
33,0,33,162160.9196689
33,1,33,162160.92041209998
33,2,33,162160.9208142
34,0,34,162160.96032135002
34,1,34,162160.9604168
34,2,34,162160.9604493
35,0,35,162161.0016432
35,1,35,162161.00110455
35,2,35,162161.0012875
36,0,36,162161.0437474
36,1,36,162161.04425849998
36,2,36,162161.0448994
37,0,37,162161.08436675
37,1,37,162161.0876591
37,2,37,162161.08535495
38,0,38,162161.1262834
38,1,38,162161.1347155
38,2,38,162161.12767685
39,0,39,162161.1686871
39,1,39,162161.16909945
39,2,39,162161.1683521
40,0,40,162161.20964485
40,1,40,162161.2175571
40,2,40,162161.2204981
41,0,41,162161.2514448
41,1,41,162161.25157745002
41,2,41,162161.2515206
42,0,42,162161.29316355003
42,1,42,162161.29413035
42,2,42,162161.29323379998
43,0,43,162161.33642015
43,1,43,162161.33750005
43,2,43,162161.33502845
44,0,44,162161.3782025
44,1,44,162161.3764604
44,2,44,162161.3765535
45,0,45,162161.418404
45,1,45,162161.41852965
45,2,45,162161.4184969
46,0,46,162161.46021075
46,1,46,162161.45982045
46,2,46,162161.4598805
47,0,47,162161.50237835
47,1,47,162161.50124384998
47,2,47,162161.50231455
48,0,48,162161.54364445
48,1,48,162161.54987125
48,2,48,162161.5442144
49,0,49,162161.59138524998
49,1,49,162161.59269909997
49,2,49,162161.59116575
50,0,50,162161.627515
50,1,50,162161.6278069
50,2,50,162161.6271127
51,0,51,162161.6682378
51,1,51,162161.668334
51,2,51,162161.66842995
52,0,52,162161.71118769998
52,1,52,162161.7100872
52,2,52,162161.71227805
53,0,53,162161.7522691
53,1,53,162161.75217065
53,2,53,162161.7537717
54,0,54,162161.79318925
54,1,54,162161.79339225
54,2,54,162161.79449885
55,0,55,162161.83729045
55,1,55,162161.8362238
55,2,55,162161.83510185
56,0,56,162161.87740185
56,1,56,162161.87733495
56,2,56,162161.87727855
57,0,57,162161.92193965003
57,1,57,162161.9198633
57,2,57,162161.91804925
58,0,58,162161.95928910002
58,1,58,162161.96105694998
58,2,58,162161.9593427
59,0,59,162162.0018592
59,1,59,162162.0033085
59,2,59,162162.00235740002
60,0,60,162162.04446835
60,1,60,162162.04325965
60,2,60,162162.04314854997
61,0,61,162162.08520914998
61,1,61,162162.08531015
61,2,61,162162.08755995
62,0,62,162162.129535
62,1,62,162162.12614434998
62,2,62,162162.1271953
63,0,63,162162.16946075
63,1,63,162162.1681869
63,2,63,162162.16839965
64,0,64,162162.2093942
64,1,64,162162.2103522
64,2,64,162162.21042284998
65,0,65,162162.25261750002
65,1,65,162162.25153335
65,2,65,162162.25142975
66,0,66,162162.2932324
66,1,66,162162.29405954998
66,2,66,162162.2933058
67,0,67,162162.33576125
67,1,67,162162.3359147
67,2,67,162162.33627885
68,0,68,162162.3774084
68,1,68,162162.3761074
68,2,68,162162.37725225
69,0,69,162162.4181255
69,1,69,162162.41949195002
69,2,69,162162.41821894998
70,0,70,162162.46213260002
70,1,70,162162.46153884998
70,2,70,162162.46197655
71,0,71,162162.50139235
71,1,71,162162.50151069998
71,2,71,162162.50234815
72,0,72,162162.54336785
72,1,72,162162.5433883
72,2,72,162162.54328255
73,0,73,162162.58529750002
73,1,73,162162.5860403
73,2,73,162162.58539845
74,0,74,162162.62636015
74,1,74,162162.6275415
74,2,74,162162.62620995002
75,0,75,162162.6690683
75,1,75,162162.66805029998
75,2,75,162162.6739755
76,0,76,162162.70966320002
76,1,76,162162.71167495
76,2,76,162162.7113446
77,0,77,162162.75480165
77,1,77,162162.75384949998
77,2,77,162162.7529116
78,0,78,162162.79334064998
78,1,78,162162.79340345
78,2,78,162162.7932206
79,0,79,162162.83541015
79,1,79,162162.83514955
79,2,79,162162.83583165
80,0,80,162162.8765702
80,1,80,162162.87735889998
80,2,80,162162.8779469
81,0,81,162162.91833515
81,1,81,162162.9184211
81,2,81,162162.91830425
82,0,82,162162.96044165
82,1,82,162162.96058790002
82,2,82,162162.96064479998
83,0,83,162163.0011237
83,1,83,162163.00244285
83,2,83,162163.00226775
84,0,84,162163.04344500002
84,1,84,162163.04338755
84,2,84,162163.0433023
85,0,85,162163.08558354998
85,1,85,162163.08556809998
85,2,85,162163.0855203
86,0,86,162163.12741195
86,1,86,162163.12718409998
86,2,86,162163.1261669
87,0,87,162163.16943905
87,1,87,162163.17051185
87,2,87,162163.17212675
88,0,88,162163.210174
88,1,88,162163.2105939
88,2,88,162163.21026125
89,0,89,162163.25252510002
89,1,89,162163.25243340002
89,2,89,162163.25115
90,0,90,162163.29358475
90,1,90,162163.2934571
90,2,90,162163.29357490002
91,0,91,162163.33529105
91,1,91,162163.33411475
91,2,91,162163.33648035
92,0,92,162163.37890735
92,1,92,162163.37841895
92,2,92,162163.37684975
93,0,93,162163.41892934998
93,1,93,162163.41856175
93,2,93,162163.42092975002
94,0,94,162163.46346855
94,1,94,162163.46080025
94,2,94,162163.4648446
95,0,95,162163.5019417
95,1,95,162163.5025919
95,2,95,162163.51090475
96,0,96,162163.54331645
96,1,96,162163.54995535
96,2,96,162163.5547331
97,0,97,162163.5851791
97,1,97,162163.58426064998
97,2,97,162163.58414005
98,0,98,162163.62872784998
98,1,98,162163.6281149
98,2,98,162163.62807655
99,0,99,162163.66847114998
99,1,99,162163.6724858
99,2,99,162163.67356715
100,0,100,162163.71289545
100,1,100,162163.71189774998
100,2,100,162163.710865
101,0,101,162163.7517475
101,1,101,162163.75391485
101,2,101,162163.7528787
102,0,102,162163.79339085
102,1,102,162163.7934628
102,2,102,162163.79350195
103,0,103,162163.8354243
103,1,103,162163.8342802
103,2,103,162163.83417035
104,0,104,162163.87612715
104,1,104,162163.87716635
104,2,104,162163.87806765002
105,0,105,162163.91931159998
105,1,105,162163.92256814998
105,2,105,162163.92080045
106,0,106,162163.96041230002
106,1,106,162163.9610221
106,2,106,162163.95940795
107,0,107,162164.00142619995
107,1,107,162164.00144964998
107,2,107,162164.00132035
108,0,108,162164.04342145
108,1,108,162164.0433547
108,2,108,162164.04351614998
109,0,109,162164.08525385
109,1,109,162164.08533975
109,2,109,162164.08737974998
110,0,110,162164.12733704998
110,1,110,162164.126715
110,2,110,162164.1265065
111,0,111,162164.16853169998
111,1,111,162164.168397
111,2,111,162164.1685105
112,0,112,162164.20996775
112,1,112,162164.21244485
112,2,112,162164.2110886
113,0,113,162164.2513078
113,1,113,162164.25137765
113,2,113,162164.25291645
114,0,114,162164.29325545
114,1,114,162164.29316529998
114,2,114,162164.2945143
115,0,115,162164.33551115
115,1,115,162164.33531655
115,2,115,162164.3354523
116,0,116,162164.3764004
116,1,116,162164.37632694998
116,2,116,162164.37626095
117,0,117,162164.4193005
117,1,117,162164.42069685
117,2,117,162164.4221486
118,0,118,162164.46004345
118,1,118,162164.46295214997
118,2,118,162164.46104415
119,0,119,162164.5013713
119,1,119,162164.50126515
119,2,119,162164.5023992
120,0,120,162164.5430103
120,1,120,162164.5453008
120,2,120,162164.5440357
121,0,121,162164.5856175
121,1,121,162164.58588405
121,2,121,162164.58629285
122,0,122,162164.6278681
122,1,122,162164.627798
122,2,122,162164.626324
123,0,123,162164.6681861
123,1,123,162164.66919835
123,2,123,162164.66828744998
124,0,124,162164.71110975
124,1,124,162164.7105361
124,2,124,162164.71044005
125,0,125,162164.75597260002
125,1,125,162164.7542731
125,2,125,162164.75377830002
126,0,126,162164.7947507
126,1,126,162164.79324035
126,2,126,162164.7952756
127,0,127,162164.83544465
127,1,127,162164.83548885
127,2,127,162164.8355403
128,0,128,162164.8818587
128,1,128,162164.88125195
128,2,128,162164.88028305
129,0,129,162164.91925779998
129,1,129,162164.91826045
129,2,129,162164.91839775
130,0,130,162164.96109505
130,1,130,162164.96043094998
130,2,130,162164.96031875
131,0,131,162165.00234325
131,1,131,162165.00167645002
131,2,131,162165.0015962
132,0,132,162165.04317314998
132,1,132,162165.04330000002
132,2,132,162165.04446990002
133,0,133,162165.08545625
133,1,133,162165.08540895
133,2,133,162165.0853233
134,0,134,162165.126304
134,1,134,162165.1275758
134,2,134,162165.12870725
135,0,135,162165.1682603
135,1,135,162165.1702482
135,2,135,162165.1681764
136,0,136,162165.21137405
136,1,136,162165.21010595
136,2,136,162165.21247615002
137,0,137,162165.25278355
137,1,137,162165.25540670002
137,2,137,162165.25402325002
138,0,138,162165.29317304998
138,1,138,162165.29326105
138,2,138,162165.294184
139,0,139,162165.33672505
139,1,139,162165.33640144998
139,2,139,162165.3387897
140,0,140,162165.37729735
140,1,140,162165.37860535
140,2,140,162165.37745025
141,0,141,162165.4183824
141,1,141,162165.41846645
141,2,141,162165.4182962
142,0,142,162165.4606767
142,1,142,162165.45926295
142,2,142,162165.46194130002
143,0,143,162165.50340155
143,1,143,162165.5042271
143,2,143,162165.50177275
144,0,144,162165.54848845
144,1,144,162165.54875445
144,2,144,162165.54322155
145,0,145,162165.58932165
145,1,145,162165.59476055
145,2,145,162165.58946395002
146,0,146,162165.62717584998
146,1,146,162165.62619925
146,2,146,162165.62628295
147,0,147,162165.67261295
147,1,147,162165.66821725
147,2,147,162165.66831019998
148,0,148,162165.7097641
148,1,148,162165.71108655
148,2,148,162165.7103087
149,0,149,162165.75129749998
149,1,149,162165.75250990002
149,2,149,162165.7512114
150,0,150,162165.79334650002
150,1,150,162165.79609655
150,2,150,162165.7948051
151,0,151,162165.83533560002
151,1,151,162165.83541534998
151,2,151,162165.83414355002
152,0,152,162165.87676945
152,1,152,162165.87617180002
152,2,152,162165.87713615
153,0,153,162165.9181457
153,1,153,162165.91890775
153,2,153,162165.91827635
154,0,154,162165.9617716
154,1,154,162165.9601344
154,2,154,162165.96084445
155,0,155,162166.0022279
155,1,155,162166.00258625002
155,2,155,162166.00232225
156,0,156,162166.04321285
156,1,156,162166.04412845
156,2,156,162166.0431177
157,0,157,162166.08622240002
157,1,157,162166.086021
157,2,157,162166.088323
158,0,158,162166.1271951
158,1,158,162166.1273017
158,2,158,162166.12834549998
159,0,159,162166.1696293
159,1,159,162166.16850590002
159,2,159,162166.16823315
160,0,160,162166.21002105
160,1,160,162166.2110071
160,2,160,162166.21203445
161,0,161,162166.2513531
161,1,161,162166.25123665
161,2,161,162166.2521538
162,0,162,162166.2933752
162,1,162,162166.293324
162,2,162,162166.2934215
163,0,163,162166.3353966
163,1,163,162166.33732995
163,2,163,162166.3356208
164,0,164,162166.37642739998
164,1,164,162166.3763134
164,2,164,162166.3778501
165,0,165,162166.42301745
165,1,165,162166.42419875
165,2,165,162166.42412435
166,0,166,162166.45986524998
166,1,166,162166.46018485
166,2,166,162166.46141975
167,0,167,162166.50240735
167,1,167,162166.5022334
167,2,167,162166.50113075
168,0,168,162166.54436945
168,1,168,162166.54499385
168,2,168,162166.543205
169,0,169,162166.58523995
169,1,169,162166.58647804998
169,2,169,162166.5861193
170,0,170,162166.6273118
170,1,170,162166.6263178
170,2,170,162166.62842969998
171,0,171,162166.668297
171,1,171,162166.6730098
171,2,171,162166.6752982
172,0,172,162166.71033485
172,1,172,162166.71051145002
172,2,172,162166.71045705
173,0,173,162166.7512181
173,1,173,162166.75224315
173,2,173,162166.75116485
174,0,174,162166.79416455
174,1,174,162166.79339585
174,2,174,162166.7933254
175,0,175,162166.83594224998
175,1,175,162166.83781985
175,2,175,162166.83572665
176,0,176,162166.88331250002
176,1,176,162166.88523815
176,2,176,162166.88989875
177,0,177,162166.9188614
177,1,177,162166.9187424
177,2,177,162166.91992745
178,0,178,162166.96025725
178,1,178,162166.96062959998
178,2,178,162166.96161245
179,0,179,162167.00220699998
179,1,179,162167.002798
179,2,179,162167.00153735
180,0,180,162167.04375155002
180,1,180,162167.04319484998
180,2,180,162167.04332735
181,0,181,162167.08429690002
181,1,181,162167.08571615
181,2,181,162167.0856442
182,0,182,162167.12799715
182,1,182,162167.1267819
182,2,182,162167.1280995
183,0,183,162167.1682793
183,1,183,162167.168412
183,2,183,162167.16834094998
184,0,184,162167.21042625
184,1,184,162167.2109004
184,2,184,162167.21031745
185,0,185,162167.25142215
185,1,185,162167.2513548
185,2,185,162167.25138154998
186,0,186,162167.29337245
186,1,186,162167.2934659
186,2,186,162167.29322905
187,0,187,162167.3354788
187,1,187,162167.33542435
187,2,187,162167.33532645
188,0,188,162167.37667174998
188,1,188,162167.3770978
188,2,188,162167.37728655
189,0,189,162167.41935774998
189,1,189,162167.4193822
189,2,189,162167.4186832
190,0,190,162167.46065945
190,1,190,162167.4602725
190,2,190,162167.4605945
191,0,191,162167.50323985
191,1,191,162167.51054965
191,2,191,162167.5021482
192,0,192,162167.54377005
192,1,192,162167.5488479
192,2,192,162167.54478185
193,0,193,162167.5853657
193,1,193,162167.59025555
193,2,193,162167.58931065002
194,0,194,162167.62724305
194,1,194,162167.6271824
194,2,194,162167.6278893
195,0,195,162167.6683209
195,1,195,162167.6681887
195,2,195,162167.66828035
196,0,196,162167.71016040002
196,1,196,162167.71165635
196,2,196,162167.7102721
197,0,197,162167.7542722
197,1,197,162167.75252784998
197,2,197,162167.754065
198,0,198,162167.79530225002
198,1,198,162167.79452335002
198,2,198,162167.7944398
199,0,199,162167.8353393
199,1,199,162167.8354347
199,2,199,162167.8354833
200,0,200,162167.87662355
200,1,200,162167.87620475
200,2,200,162167.87732179998
201,0,201,162167.9192354
201,1,201,162167.9195543
201,2,201,162167.9181813
202,0,202,162167.96107695
202,1,202,162167.96022905002
202,2,202,162167.96165245
203,0,203,162168.0021526
203,1,203,162168.00329249998
203,2,203,162168.0010898
204,0,204,162168.04318804998
204,1,204,162168.04368205
204,2,204,162168.04441505
205,0,205,162168.08542955
205,1,205,162168.0852348
205,2,205,162168.08735935
206,0,206,162168.12611265
206,1,206,162168.1273911
206,2,206,162168.12717475
207,0,207,162168.16842685
207,1,207,162168.16828185
207,2,207,162168.16834119998
208,0,208,162168.21022705
208,1,208,162168.21311880002
208,2,208,162168.2116261
209,0,209,162168.2522277
209,1,209,162168.252181
209,2,209,162168.25113455
210,0,210,162168.29350435
210,1,210,162168.29342405
210,2,210,162168.2936246
211,0,211,162168.33624565002
211,1,211,162168.33712029998
211,2,211,162168.3377889
212,0,212,162168.37732129998
212,1,212,162168.3813139
212,2,212,162168.376026
213,0,213,162168.41953810002
213,1,213,162168.42434795
213,2,213,162168.42092085
214,0,214,162168.4606303
214,1,214,162168.4598943
214,2,214,162168.46076075
215,0,215,162168.5026754
215,1,215,162168.50177265
215,2,215,162168.5025756
216,0,216,162168.54335539998
216,1,216,162168.54496035
216,2,216,162168.54935065
217,0,217,162168.5853063
217,1,217,162168.58544925
217,2,217,162168.5853681
218,0,218,162168.6279292
218,1,218,162168.62659220002
218,2,218,162168.62691945
219,0,219,162168.66849394998
219,1,219,162168.6683264
219,2,219,162168.66844395
220,0,220,162168.7091625
220,1,220,162168.71088725
220,2,220,162168.7126337
221,0,221,162168.75230390002
221,1,221,162168.75219155
221,2,221,162168.75105845
222,0,222,162168.79331345
222,1,222,162168.7950026
222,2,222,162168.7952761
223,0,223,162168.83728625
223,1,223,162168.83937135
223,2,223,162168.838297
224,0,224,162168.87772175
224,1,224,162168.8773893
224,2,224,162168.8787418
225,0,225,162168.91834814998
225,1,225,162168.9182599
225,2,225,162168.91837715
226,0,226,162168.96084465
226,1,226,162168.96039725002
226,2,226,162168.96025115
227,0,227,162169.00336854998
227,1,227,162169.0026714
227,2,227,162169.00477210002
228,0,228,162169.04334325
228,1,228,162169.04353385
228,2,228,162169.04420115
229,0,229,162169.08546285
229,1,229,162169.0853944
229,2,229,162169.08527695
230,0,230,162169.1282788
230,1,230,162169.1268131
230,2,230,162169.12698115
231,0,231,162169.16841684998
231,1,231,162169.16977044998
231,2,231,162169.1684853
232,0,232,162169.21628544998
232,1,232,162169.21275145002
232,2,232,162169.2152062
233,0,233,162169.2554542
233,1,233,162169.25430745
233,2,233,162169.2567277
234,0,234,162169.2933574
234,1,234,162169.2935831
234,2,234,162169.29383639997
235,0,235,162169.3354621
235,1,235,162169.3353986
235,2,235,162169.33530665
236,0,236,162169.3766267
236,1,236,162169.3762823
236,2,236,162169.37653575
237,0,237,162169.4183139
237,1,237,162169.41930444998
237,2,237,162169.41822664998
238,0,238,162169.46046570002
238,1,238,162169.46051365
238,2,238,162169.46044135
239,0,239,162169.51288335
239,1,239,162169.5052507
239,2,239,162169.5072051
240,0,240,162169.54518790002
240,1,240,162169.54503375
240,2,240,162169.54355285002
241,0,241,162169.5853279
241,1,241,162169.58502145
241,2,241,162169.58685279998
242,0,242,162169.6266618
242,1,242,162169.62693235
242,2,242,162169.6292136
243,0,243,162169.6698694
243,1,243,162169.6680207
243,2,243,162169.66896375
244,0,244,162169.71453995002
244,1,244,162169.71185035002
244,2,244,162169.71377825
245,0,245,162169.7512385
245,1,245,162169.7524152
245,2,245,162169.7513102
246,0,246,162169.79337335
246,1,246,162169.7934444
246,2,246,162169.7934103
247,0,247,162169.83675575
247,1,247,162169.83527445002
247,2,247,162169.8373468
248,0,248,162169.8812236
248,1,248,162169.88133755
248,2,248,162169.8819116
249,0,249,162169.92273605
249,1,249,162169.91819235
249,2,249,162169.91962955002
250,0,250,162169.96042725
250,1,250,162169.9605305
250,2,250,162169.95922790002
251,0,251,162170.0012396
251,1,251,162170.0013456
251,2,251,162170.00217405002
252,0,252,162170.04330535
252,1,252,162170.04454445
252,2,252,162170.04337595002
253,0,253,162170.08547629998
253,1,253,162170.08530655
253,2,253,162170.0879871
254,0,254,162170.12618209998
254,1,254,162170.12639825
254,2,254,162170.127308
255,0,255,162170.1684525
255,1,255,162170.16835385
255,2,255,162170.1685072
256,0,256,162170.2211386
256,1,256,162170.22628210002
256,2,256,162170.22217904998
257,0,257,162170.25257615
257,1,257,162170.2525606
257,2,257,162170.25266905
258,0,258,162170.2941
258,1,258,162170.2931253
258,2,258,162170.29321580002
259,0,259,162170.33750989998
259,1,259,162170.33633125
259,2,259,162170.3350675
260,0,260,162170.37616654998
260,1,260,162170.3775855
260,2,260,162170.3775088
261,0,261,162170.42020105
261,1,261,162170.42191854998
261,2,261,162170.4180316
262,0,262,162170.4663086
262,1,262,162170.460972
262,2,262,162170.46136775002
263,0,263,162170.5027946
263,1,263,162170.50118585
263,2,263,162170.502255
264,0,264,162170.5440588
264,1,264,162170.5450813
264,2,264,162170.5473141
265,0,265,162170.58533585002
265,1,265,162170.58544745
265,2,265,162170.5854706
266,0,266,162170.62883925
266,1,266,162170.6264458
266,2,266,162170.6263416
267,0,267,162170.668422
267,1,267,162170.6689839
267,2,267,162170.6683277
268,0,268,162170.71016344998
268,1,268,162170.709011
268,2,268,162170.71007425
269,0,269,162170.75246545
269,1,269,162170.75137259997
269,2,269,162170.75289469998
270,0,270,162170.7933245
270,1,270,162170.79467655
270,2,270,162170.79341245
271,0,271,162170.8357316
271,1,271,162170.83560065
271,2,271,162170.83581835002
272,0,272,162170.87726165
272,1,272,162170.87738805
272,2,272,162170.87829505
273,0,273,162170.92290475
273,1,273,162170.9244168
273,2,273,162170.92131459998
274,0,274,162170.9602597
274,1,274,162170.96039845
274,2,274,162170.9652934
275,0,275,162171.002363
275,1,275,162171.00135769998
275,2,275,162171.00114885002
276,0,276,162171.04623014998
276,1,276,162171.04463665
276,2,276,162171.0475396
277,0,277,162171.08533064998
277,1,277,162171.08543175
277,2,277,162171.08546505
278,0,278,162171.1306876
278,1,278,162171.12928185
278,2,278,162171.1275418
279,0,279,162171.16844445
279,1,279,162171.1685151
279,2,279,162171.1690854
280,0,280,162171.20929929998
280,1,280,162171.20915355
280,2,280,162171.2103442
281,0,281,162171.25131545
281,1,281,162171.25280850002
281,2,281,162171.25320724997
282,0,282,162171.2937193
282,1,282,162171.29775805
282,2,282,162171.2933922
283,0,283,162171.3342205
283,1,283,162171.33569084998
283,2,283,162171.33560975
284,0,284,162171.37780185
284,1,284,162171.3761949
284,2,284,162171.37735225
285,0,285,162171.4182678
285,1,285,162171.41837395
285,2,285,162171.4183954
286,0,286,162171.4618797
286,1,286,162171.4604763
286,2,286,162171.4601206
287,0,287,162171.5098672
287,1,287,162171.50159270002
287,2,287,162171.50315389998
288,0,288,162171.54346605
288,1,288,162171.54336515
288,2,288,162171.54397015
289,0,289,162171.58439625002
289,1,289,162171.5854283
289,2,289,162171.58431595
290,0,290,162171.62632985
290,1,290,162171.62781590002
290,2,290,162171.62627845
291,0,291,162171.67700909998
291,1,291,162171.67583525
291,2,291,162171.67805415002
292,0,292,162171.7105447
292,1,292,162171.7102783
292,2,292,162171.70929295
293,0,293,162171.75118465
293,1,293,162171.75135625002
293,2,293,162171.75176485
294,0,294,162171.7954927
294,1,294,162171.79318814998
294,2,294,162171.79441215
295,0,295,162171.83811935
295,1,295,162171.8369008
295,2,295,162171.83571475
296,0,296,162171.8782885
296,1,296,162171.87608249998
296,2,296,162171.877138
297,0,297,162171.91815975
297,1,297,162171.9193738
297,2,297,162171.91929370002
298,0,298,162171.96314120002
298,1,298,162171.9605405
298,2,298,162171.9628345
299,0,299,162172.00235425
299,1,299,162172.0034536
299,2,299,162172.001227
300,0,300,162172.04314205
300,1,300,162172.0437327
300,2,300,162172.04322055
301,0,301,162172.0852369
301,1,301,162172.0853284
301,2,301,162172.08733875002
302,0,302,162172.1271301
302,1,302,162172.12611334998
302,2,302,162172.12623
303,0,303,162172.17361559998
303,1,303,162172.1724866
303,2,303,162172.17110695
304,0,304,162172.2101817
304,1,304,162172.2102768
304,2,304,162172.2113981
305,0,305,162172.2522857
305,1,305,162172.25277675
305,2,305,162172.2535345
306,0,306,162172.2934026
306,1,306,162172.2943098
306,2,306,162172.2935412
307,0,307,162172.3372591
307,1,307,162172.34346735
307,2,307,162172.34321835
308,0,308,162172.37745914998
308,1,308,162172.3770637
308,2,308,162172.37736985
309,0,309,162172.41815125
309,1,309,162172.41866775
309,2,309,162172.4182443
310,0,310,162172.46200419997
310,1,310,162172.4610223
310,2,310,162172.460846
311,0,311,162172.50130385
311,1,311,162172.50222085
311,2,311,162172.50226799998
312,0,312,162172.5552421
312,1,312,162172.55351499998
312,2,312,162172.5532624
313,0,313,162172.5876996
313,1,313,162172.58542254998
313,2,313,162172.59516209998
314,0,314,162172.6293653
314,1,314,162172.6265989
314,2,314,162172.62946825
315,0,315,162172.6696425
315,1,315,162172.6681755
315,2,315,162172.67074924998
316,0,316,162172.71114765
316,1,316,162172.71163795
316,2,316,162172.71148285002
317,0,317,162172.75479245
317,1,317,162172.7522933
317,2,317,162172.75221365
318,0,318,162172.79334975
318,1,318,162172.79328679998
318,2,318,162172.79342444998
319,0,319,162172.8352877
319,1,319,162172.8354097
319,2,319,162172.83543635
320,0,320,162172.87780825
320,1,320,162172.87620585
320,2,320,162172.87639265
321,0,321,162172.91915495
321,1,321,162172.9182588
321,2,321,162172.9183373
322,0,322,162172.9636522
322,1,322,162172.9624543
322,2,322,162172.96137545
323,0,323,162173.0015286
323,1,323,162173.00328695
323,2,323,162173.00313194998
324,0,324,162173.04345835
324,1,324,162173.04331015
324,2,324,162173.04471145
325,0,325,162173.08706945
325,1,325,162173.08931090002
325,2,325,162173.0881932
326,0,326,162173.1281789
326,1,326,162173.12618700002
326,2,326,162173.12716094998
327,0,327,162173.16825275
327,1,327,162173.1681692
327,2,327,162173.16942945
328,0,328,162173.2193014
328,1,328,162173.21872504998
328,2,328,162173.22070960002
329,0,329,162173.2522295
329,1,329,162173.25358259998
329,2,329,162173.25122245
330,0,330,162173.29468235
330,1,330,162173.29319705
330,2,330,162173.2947118
331,0,331,162173.33439884998
331,1,331,162173.33530765
331,2,331,162173.33427765
332,0,332,162173.3762168
332,1,332,162173.376315
332,2,332,162173.3778778
333,0,333,162173.41831799998
333,1,333,162173.41963895
333,2,333,162173.4182862
334,0,334,162173.46269870002
334,1,334,162173.46378495
334,2,334,162173.46588515
335,0,335,162173.5064512
335,1,335,162173.5020477
335,2,335,162173.50408155
336,0,336,162173.543031
336,1,336,162173.54432825
336,2,336,162173.54451025
337,0,337,162173.58542445
337,1,337,162173.5853126
337,2,337,162173.58637069998
338,0,338,162173.6262812
338,1,338,162173.6277276
338,2,338,162173.62645585003
339,0,339,162173.66994205
339,1,339,162173.66798035
339,2,339,162173.66894925002
340,0,340,162173.71107000002
340,1,340,162173.71008915
340,2,340,162173.70908475
341,0,341,162173.75244329998
341,1,341,162173.75113165
341,2,341,162173.75234970002
342,0,342,162173.7931396
342,1,342,162173.79523245
342,2,342,162173.7948949
343,0,343,162173.8420691
343,1,343,162173.84184175
343,2,343,162173.8412283
344,0,344,162173.8773447
344,1,344,162173.876056
344,2,344,162173.87727755
345,0,345,162173.91887425
345,1,345,162173.91988925
345,2,345,162173.9189443
346,0,346,162173.9625757
346,1,346,162173.9614032
346,2,346,162173.96017515002
347,0,347,162174.0011658
347,1,347,162174.00226375
347,2,347,162174.00319765002
348,0,348,162174.0432431
348,1,348,162174.04332559998
348,2,348,162174.04466885
349,0,349,162174.08530039998
349,1,349,162174.08521785
349,2,349,162174.0876341
350,0,350,162174.12643160002
350,1,350,162174.12732545
350,2,350,162174.12808475
351,0,351,162174.17075405002
351,1,351,162174.17197035
351,2,351,162174.17315325
352,0,352,162174.214278
352,1,352,162174.2191799
352,2,352,162174.2181319
353,0,353,162174.2526769
353,1,353,162174.25252935
353,2,353,162174.2524401
354,0,354,162174.29490185
354,1,354,162174.29332489998
354,2,354,162174.29345240002
355,0,355,162174.33645855
355,1,355,162174.33607385
355,2,355,162174.33513325
356,0,356,162174.37661175
356,1,356,162174.37769355
356,2,356,162174.3772701
357,0,357,162174.4192983
357,1,357,162174.4212163
357,2,357,162174.41822065
358,0,358,162174.46084755
358,1,358,162174.46083215
358,2,358,162174.460662
359,0,359,162174.50323115
359,1,359,162174.50252185
359,2,359,162174.50242784998
360,0,360,162174.5462215
360,1,360,162174.5430545
360,2,360,162174.54514205002
361,0,361,162174.58590625
361,1,361,162174.5862602
361,2,361,162174.58584319998
362,0,362,162174.62705415
362,1,362,162174.62938145
362,2,362,162174.628077
363,0,363,162174.66920605
363,1,363,162174.66807314998
363,2,363,162174.67407725
364,0,364,162174.71032645
364,1,364,162174.7101713
364,2,364,162174.71135310002
365,0,365,162174.7511484
365,1,365,162174.7520018
365,2,365,162174.7510405
366,0,366,162174.7933736
366,1,366,162174.7934341
366,2,366,162174.7932904
367,0,367,162174.83536625002
367,1,367,162174.8359998
367,2,367,162174.83608915
368,0,368,162174.87735465
368,1,368,162174.8763302
368,2,368,162174.87799325
369,0,369,162174.9182023
369,1,369,162174.9194866
369,2,369,162174.9183219
370,0,370,162174.96050975
370,1,370,162174.96032840002
370,2,370,162174.9604639
371,0,371,162175.00114345
371,1,371,162175.00388445
371,2,371,162175.00234455
372,0,372,162175.04875685
372,1,372,162175.048466
372,2,372,162175.04618265005
373,0,373,162175.08619735
373,1,373,162175.08550400002
373,2,373,162175.08542505
374,0,374,162175.12751445
374,1,374,162175.1264583
374,2,374,162175.12655734998
375,0,375,162175.16943725
375,1,375,162175.16897445
375,2,375,162175.1680956
376,0,376,162175.2104249
376,1,376,162175.21066045
376,2,376,162175.2114806
377,0,377,162175.2524044
377,1,377,162175.25317510002
377,2,377,162175.25144750002
378,0,378,162175.2936341
378,1,378,162175.2934975
378,2,378,162175.2935703
379,0,379,162175.3352504
379,1,379,162175.334161
379,2,379,162175.3354639
380,0,380,162175.37722005
380,1,380,162175.3819331
380,2,380,162175.37624334998
381,0,381,162175.41841470002
381,1,381,162175.4183313
381,2,381,162175.4194322
382,0,382,162175.46064180002
382,1,382,162175.46016284998
382,2,382,162175.46020869998
383,0,383,162175.504414
383,1,383,162175.50306775
383,2,383,162175.50202795002
384,0,384,162175.543222
384,1,384,162175.54426645
384,2,384,162175.54490425
385,0,385,162175.58928890002
385,1,385,162175.58541765
385,2,385,162175.58534644998
386,0,386,162175.62652405
386,1,386,162175.62635275
386,2,386,162175.6264846
387,0,387,162175.66825425002
387,1,387,162175.6683969
387,2,387,162175.66897395
388,0,388,162175.71112545
388,1,388,162175.7102455
388,2,388,162175.70912850002
389,0,389,162175.75240434997
389,1,389,162175.7525518
389,2,389,162175.75247065
390,0,390,162175.79355605
390,1,390,162175.7934332
390,2,390,162175.79350605002
391,0,391,162175.83425115
391,1,391,162175.83507085
391,2,391,162175.83416365
392,0,392,162175.87781265
392,1,392,162175.87920285
392,2,392,162175.87801775
393,0,393,162175.92006375
393,1,393,162175.9186521
393,2,393,162175.9191808
394,0,394,162175.96035890002
394,1,394,162175.9590141
394,2,394,162175.96040794998
395,0,395,162176.00379719998
395,1,395,162176.00117429998
395,2,395,162176.00246295
396,0,396,162176.0432863
396,1,396,162176.04694575
396,2,396,162176.04338450002
397,0,397,162176.0883941
397,1,397,162176.08951395
397,2,397,162176.08660095
398,0,398,162176.12803545
398,1,398,162176.1268803
398,2,398,162176.12637225
399,0,399,162176.16986375
399,1,399,162176.1691366
399,2,399,162176.1683704
400,0,400,162176.20913195
400,1,400,162176.21450885
400,2,400,162176.213515
401,0,401,162176.25256865
401,1,401,162176.25267269998
401,2,401,162176.251074
402,0,402,162176.29329395
402,1,402,162176.2943718
402,2,402,162176.2942897
403,0,403,162176.3448398
403,1,403,162176.34392800002
403,2,403,162176.34536275
404,0,404,162176.37732670002
404,1,404,162176.37655125
404,2,404,162176.38472819998
405,0,405,162176.418225
405,1,405,162176.42664855
405,2,405,162176.42238474998
406,0,406,162176.46061925
406,1,406,162176.46059385
406,2,406,162176.46056435
407,0,407,162176.5023118
407,1,407,162176.50283105002
407,2,407,162176.50110845
408,0,408,162176.54983265
408,1,408,162176.54521695
408,2,408,162176.54646445002
409,0,409,162176.589362
409,1,409,162176.5852537
409,2,409,162176.5854497
410,0,410,162176.62653635
410,1,410,162176.62769805
410,2,410,162176.6263372
411,0,411,162176.6681472
411,1,411,162176.66880265
411,2,411,162176.67109845002
412,0,412,162176.71029745002
412,1,412,162176.70907665
412,2,412,162176.710341
413,0,413,162176.7525953
413,1,413,162176.7535973
413,2,413,162176.75118850003
414,0,414,162176.7933117
414,1,414,162176.79318205
414,2,414,162176.79415525
415,0,415,162176.8356786
415,1,415,162176.83564535
415,2,415,162176.8354587
416,0,416,162176.87731165
416,1,416,162176.87775729998
416,2,416,162176.8761315
417,0,417,162176.91855905
417,1,417,162176.92004435
417,2,417,162176.91846685
418,0,418,162176.9603182
418,1,418,162176.96022185002
418,2,418,162176.95916134998
419,0,419,162177.00173785002
419,1,419,162177.0032262
419,2,419,162177.00334544998
420,0,420,162177.04355855
420,1,420,162177.04324765
420,2,420,162177.04488399997
421,0,421,162177.08598695
421,1,421,162177.08613255
421,2,421,162177.0861748
422,0,422,162177.12737735
422,1,422,162177.12681
422,2,422,162177.12663955
423,0,423,162177.16991280002
423,1,423,162177.1698687
423,2,423,162177.1714008
424,0,424,162177.2130406
424,1,424,162177.21534565
424,2,424,162177.21200225002
425,0,425,162177.25269975
425,1,425,162177.2524548
425,2,425,162177.25120495
426,0,426,162177.29360560002
426,1,426,162177.2934001
426,2,426,162177.293489
427,0,427,162177.33684855
427,1,427,162177.33556235
427,2,427,162177.33427619998
428,0,428,162177.37732125
428,1,428,162177.3761097
428,2,428,162177.37726054998
429,0,429,162177.41883145
429,1,429,162177.4386092
429,2,429,162177.4241161
430,0,430,162177.46065035
430,1,430,162177.4619076
430,2,430,162177.45928185
431,0,431,162177.50444674998
431,1,431,162177.50315735
431,2,431,162177.50206630002
432,0,432,162177.54341145
432,1,432,162177.54402315
432,2,432,162177.5530652
433,0,433,162177.58527784998
433,1,433,162177.5841941
433,2,433,162177.5853761
434,0,434,162177.6263264
434,1,434,162177.6271636
434,2,434,162177.6317656
435,0,435,162177.66834555002
435,1,435,162177.66941
435,2,435,162177.67049380002
436,0,436,162177.7135713
436,1,436,162177.7124245
436,2,436,162177.71777719998
437,0,437,162177.75297725
437,1,437,162177.7515503
437,2,437,162177.7531941
438,0,438,162177.79368980002
438,1,438,162177.7935728
438,2,438,162177.79342509998
439,0,439,162177.83750725
439,1,439,162177.83804185002
439,2,439,162177.83652105002
440,0,440,162177.87725675
440,1,440,162177.8773591
440,2,440,162177.87607155
441,0,441,162177.91880195
441,1,441,162177.91841095
441,2,441,162177.9193365
442,0,442,162177.95930105
442,1,442,162177.96073205
442,2,442,162177.9606855
443,0,443,162178.00145255
443,1,443,162178.00316655
443,2,443,162178.00138675002
444,0,444,162178.0433675
444,1,444,162178.04510205
444,2,444,162178.04493635
445,0,445,162178.0853687
445,1,445,162178.0856927
445,2,445,162178.08693350002
446,0,446,162178.12843165
446,1,446,162178.12900135
446,2,446,162178.13031729998
447,0,447,162178.16842865
447,1,447,162178.17003695
447,2,447,162178.16853929998
448,0,448,162178.21007525
448,1,448,162178.2113276
448,2,448,162178.20911195
449,0,449,162178.251148
449,1,449,162178.2547048
449,2,449,162178.25240425
450,0,450,162178.29314025005
450,1,450,162178.29413175
450,2,450,162178.29319865
451,0,451,162178.33749845
451,1,451,162178.33846439997
451,2,451,162178.33575909998
452,0,452,162178.3792489
452,1,452,162178.3778482
452,2,452,162178.3779075
453,0,453,162178.4211683
453,1,453,162178.42326
453,2,453,162178.42217245
454,0,454,162178.46252565
454,1,454,162178.4601706
454,2,454,162178.46118205
455,0,455,162178.50107455
455,1,455,162178.50262125
455,2,455,162178.50275525
456,0,456,162178.54603385
456,1,456,162178.54303970002
456,2,456,162178.5441773
457,0,457,162178.5872159
457,1,457,162178.5884459
457,2,457,162178.58562700002
458,0,458,162178.6275006
458,1,458,162178.62624935005
458,2,458,162178.62862805
459,0,459,162178.6690548
459,1,459,162178.66866964998
459,2,459,162178.6685496
460,0,460,162178.71038445
460,1,460,162178.7102784
460,2,460,162178.7104774
461,0,461,162178.7514583
461,1,461,162178.7517635
461,2,461,162178.75147165
462,0,462,162178.7934656
462,1,462,162178.79339334997
462,2,462,162178.7935082
463,0,463,162178.83427295
463,1,463,162178.83532395
463,2,463,162178.83421504998
464,0,464,162178.8784004
464,1,464,162178.879828
464,2,464,162178.8796383
465,0,465,162178.91834590002
465,1,465,162178.92105035
465,2,465,162178.91883615
466,0,466,162178.9609717
466,1,466,162178.9622875
466,2,466,162178.96015995002
467,0,467,162179.00103694998
467,1,467,162179.0027427
467,2,467,162179.00223009998
468,0,468,162179.0454914
468,1,468,162179.04440645
468,2,468,162179.04318515002
469,0,469,162179.08528340005
469,1,469,162179.0856246
469,2,469,162179.0853712
470,0,470,162179.12734065
470,1,470,162179.1286012
470,2,470,162179.12623165
471,0,471,162179.16969225
471,1,471,162179.16954175
471,2,471,162179.1717695
472,0,472,162179.20939695
472,1,472,162179.2112621
472,2,472,162179.20927604998
473,0,473,162179.25222964998
473,1,473,162179.2536883
473,2,473,162179.2518377
474,0,474,162179.2933831
474,1,474,162179.29351925
474,2,474,162179.2941968
475,0,475,162179.3353577
475,1,475,162179.33457115002
475,2,475,162179.33528145
476,0,476,162179.3801125
476,1,476,162179.37747474998
476,2,476,162179.3787619
477,0,477,162179.41863630002
477,1,477,162179.418496
477,2,477,162179.41871280002
478,0,478,162179.4591094
478,1,478,162179.460525
478,2,478,162179.4622818
479,0,479,162179.50560445
479,1,479,162179.506532
479,2,479,162179.50160125
480,0,480,162179.54401900002
480,1,480,162179.5450389
480,2,480,162179.54531785
481,0,481,162179.58415915002
481,1,481,162179.5859105
481,2,481,162179.58425505
482,0,482,162179.6272162
482,1,482,162179.6278087
482,2,482,162179.6281423
483,0,483,162179.66981025
483,1,483,162179.67095145
483,2,483,162179.6681676
484,0,484,162179.7101577
484,1,484,162179.7090073
484,2,484,162179.7102598
485,0,485,162179.75267845002
485,1,485,162179.7511086
485,2,485,162179.7529662
486,0,486,162179.79471684998
486,1,486,162179.79325185
486,2,486,162179.79634215002
487,0,487,162179.8358704
487,1,487,162179.83707850002
487,2,487,162179.84053724998
488,0,488,162179.87715845002
488,1,488,162179.87728070002
488,2,488,162179.87604375
489,0,489,162179.91900475
489,1,489,162179.9189108
489,2,489,162179.918779
490,0,490,162179.9603426
490,1,490,162179.96160165
490,2,490,162179.96018420003
491,0,491,162180.00272015
491,1,491,162180.0039454
491,2,491,162180.0026758
492,0,492,162180.0448825
492,1,492,162180.04328865
492,2,492,162180.0445828
493,0,493,162180.08545655
493,1,493,162180.08595585002
493,2,493,162180.08860910003
494,0,494,162180.126308
494,1,494,162180.12650415
494,2,494,162180.12637389998
495,0,495,162180.16838785
495,1,495,162180.1682355
495,2,495,162180.16936295002
496,0,496,162180.2140098
496,1,496,162180.21509344998
496,2,496,162180.21287205
497,0,497,162180.25434715
497,1,497,162180.25229915
497,2,497,162180.25128755005
498,0,498,162180.29307535
498,1,498,162180.29706130002
498,2,498,162180.29483144998
499,0,499,162180.3391344
499,1,499,162180.33790004998
499,2,499,162180.33456065
500,0,500,162180.37733985
500,1,500,162180.3762664
500,2,500,162180.37618425
501,0,501,162180.41842605
501,1,501,162180.41844135
501,2,501,162180.41831044998
502,0,502,162180.46142424998
502,1,502,162180.4601494
502,2,502,162180.46292735002
503,0,503,162180.5014792
503,1,503,162180.5028784
503,2,503,162180.50256285002
504,0,504,162180.551699
504,1,504,162180.54421355
504,2,504,162180.54304325
505,0,505,162180.58541945
505,1,505,162180.58687574998
505,2,505,162180.58520914998
506,0,506,162180.62617980002
506,1,506,162180.62628164998
506,2,506,162180.627142
507,0,507,162180.6681451
507,1,507,162180.66864985
507,2,507,162180.6693833
508,0,508,162180.7106507
508,1,508,162180.71070175
508,2,508,162180.7106052
509,0,509,162180.75393155002
509,1,509,162180.75238294998
509,2,509,162180.75776925
510,0,510,162180.7962102
510,1,510,162180.79335635
510,2,510,162180.79408035002
511,0,511,162180.8354629
511,1,511,162180.83552760002
511,2,511,162180.83429154998
512,0,512,162180.87721890002
512,1,512,162180.87640995003
512,2,512,162180.87735695002
513,0,513,162180.91895795
513,1,513,162180.9217751
513,2,513,162180.9203463
514,0,514,162180.9605598
514,1,514,162180.9603095
514,2,514,162180.96043859998
515,0,515,162181.0016121
515,1,515,162181.0015014
515,2,515,162181.00181415002
516,0,516,162181.04465015
516,1,516,162181.04513425002
516,2,516,162181.04321640002
517,0,517,162181.08423345
517,1,517,162181.08525479998
517,2,517,162181.0856815
518,0,518,162181.1272806
518,1,518,162181.1273358
518,2,518,162181.12614315
519,0,519,162181.1686114
519,1,519,162181.16831510002
519,2,519,162181.16839725
520,0,520,162181.21017709997
520,1,520,162181.21240959998
520,2,520,162181.21025210002
521,0,521,162181.2602203
521,1,521,162181.25197165
521,2,521,162181.25397020002
522,0,522,162181.29674965
522,1,522,162181.29783915
522,2,522,162181.29669075
523,0,523,162181.33584035002
523,1,523,162181.33565194998
523,2,523,162181.33560225
524,0,524,162181.37764219998
524,1,524,162181.37904814997
524,2,524,162181.37762205
525,0,525,162181.41966215
525,1,525,162181.420982
525,2,525,162181.4192549
526,0,526,162181.4605975
526,1,526,162181.46145095
526,2,526,162181.4621033
527,0,527,162181.50534315
527,1,527,162181.50136915
527,2,527,162181.50296235
528,0,528,162181.54491250002
528,1,528,162181.54319215
528,2,528,162181.5447533
529,0,529,162181.58534255
529,1,529,162181.58549805
529,2,529,162181.58526999998
530,0,530,162181.6262062
530,1,530,162181.62633065
530,2,530,162181.62746185
531,0,531,162181.6719532
531,1,531,162181.6702542
531,2,531,162181.66891155002
532,0,532,162181.7151183
532,1,532,162181.71194409998
532,2,532,162181.71064895
533,0,533,162181.7514071
533,1,533,162181.75278665
533,2,533,162181.75133539998
534,0,534,162181.79327185
534,1,534,162181.793381
534,2,534,162181.79340385
535,0,535,162181.83528645
535,1,535,162181.83546919998
535,2,535,162181.835401
536,0,536,162181.8770012
536,1,536,162181.87626725
536,2,536,162181.87638235
537,0,537,162181.919306
537,1,537,162181.91850949998
537,2,537,162181.91861505
538,0,538,162181.9601713
538,1,538,162181.9592718
538,2,538,162181.95935770002
539,0,539,162182.00302494998
539,1,539,162182.00206135
539,2,539,162182.00106550002
540,0,540,162182.0438261
540,1,540,162182.04324015
540,2,540,162182.04461145
541,0,541,162182.08695265
541,1,541,162182.08718535
541,2,541,162182.08553774998
542,0,542,162182.12710165
542,1,542,162182.12827185
542,2,542,162182.1296487
543,0,543,162182.173382
543,1,543,162182.1681829
543,2,543,162182.1703762
544,0,544,162182.21080785
544,1,544,162182.21202955
544,2,544,162182.2116398
545,0,545,162182.25132955
545,1,545,162182.25322885
545,2,545,162182.25261795
546,0,546,162182.2945833
546,1,546,162182.29563960002
546,2,546,162182.29332635
547,0,547,162182.3350177
547,1,547,162182.33613965
547,2,547,162182.33709410002
548,0,548,162182.37601220002
548,1,548,162182.3771431
548,2,548,162182.37720554997
549,0,549,162182.418648
549,1,549,162182.4182139
549,2,549,162182.418141
550,0,550,162182.46139060002
550,1,550,162182.46021085
550,2,550,162182.4605164
551,0,551,162182.50211645
551,1,551,162182.50345840002
551,2,551,162182.50109550002
552,0,552,162182.54493445
552,1,552,162182.54301984998
552,2,552,162182.54401735
553,0,553,162182.5843313
553,1,553,162182.58443535
553,2,553,162182.5844992
554,0,554,162182.6276218
554,1,554,162182.62809015
554,2,554,162182.62641174998
555,0,555,162182.6680286
555,1,555,162182.66899335
555,2,555,162182.66993505
556,0,556,162182.7141233
556,1,556,162182.71629435
556,2,556,162182.7151105
557,0,557,162182.7521818
557,1,557,162182.75222675
557,2,557,162182.75103165
558,0,558,162182.79361765
558,1,558,162182.7935559
558,2,558,162182.79325460002
559,0,559,162182.83408155
559,1,559,162182.83520505
559,2,559,162182.83615245
560,0,560,162182.87737895
560,1,560,162182.87729495
560,2,560,162182.876339
561,0,561,162182.91819845
561,1,561,162182.91878845
561,2,561,162182.91814795
562,0,562,162182.96094115003
562,1,562,162182.96039249998
562,2,562,162182.96025845
563,0,563,162183.00136995
563,1,563,162183.0011706
563,2,563,162183.00241675
564,0,564,162183.04304060002
564,1,564,162183.04564775003
564,2,564,162183.044244
565,0,565,162183.08620315
565,1,565,162183.08551915002
565,2,565,162183.08533064998
566,0,566,162183.13198515
566,1,566,162183.12993569998
566,2,566,162183.13035865
567,0,567,162183.16940225
567,1,567,162183.16819695
567,2,567,162183.1681737
568,0,568,162183.21109465
568,1,568,162183.2102501
568,2,568,162183.210316
569,0,569,162183.2538361
569,1,569,162183.25254795002
569,2,569,162183.25196645
570,0,570,162183.2933144
570,1,570,162183.29345
570,2,570,162183.2934391
571,0,571,162183.33531085
571,1,571,162183.336466
571,2,571,162183.3352055
572,0,572,162183.37920109998
572,1,572,162183.3770863
572,2,572,162183.38086265
573,0,573,162183.41959965
573,1,573,162183.42074665
573,2,573,162183.41836265
574,0,574,162183.4613043
574,1,574,162183.4592041
574,2,574,162183.46121490002
575,0,575,162183.50305345
575,1,575,162183.5020246
575,2,575,162183.50437105
576,0,576,162183.54537409998
576,1,576,162183.54318985
576,2,576,162183.54466925
577,0,577,162183.58529435
577,1,577,162183.58541895
577,2,577,162183.585479
578,0,578,162183.62780055002
578,1,578,162183.62651795
578,2,578,162183.62892875
579,0,579,162183.67246305
579,1,579,162183.67295185
579,2,579,162183.67165255
580,0,580,162183.71349465
580,1,580,162183.7143681
580,2,580,162183.71018594998
581,0,581,162183.75388445
581,1,581,162183.7536819
581,2,581,162183.75326595
582,0,582,162183.7933582
582,1,582,162183.7941937
582,2,582,162183.7938133
583,0,583,162183.83509935002
583,1,583,162183.8363717
583,2,583,162183.8352107
584,0,584,162183.8796299
584,1,584,162183.87751740002
584,2,584,162183.8784896
585,0,585,162183.91883375
585,1,585,162183.91831495002
585,2,585,162183.91841085
586,0,586,162183.96083995
586,1,586,162183.96039214998
586,2,586,162183.9607193
587,0,587,162184.00235740002
587,1,587,162184.0011711
587,2,587,162184.00314945
588,0,588,162184.04365379998
588,1,588,162184.04358569998
588,2,588,162184.04354585
589,0,589,162184.08671555
589,1,589,162184.0865522
589,2,589,162184.08577815
590,0,590,162184.12618345
590,1,590,162184.127385
590,2,590,162184.1279272
591,0,591,162184.16883764998
591,1,591,162184.16816875
591,2,591,162184.1693362
592,0,592,162184.210269
592,1,592,162184.21213805
592,2,592,162184.2133151
593,0,593,162184.2523041
593,1,593,162184.25399695
593,2,593,162184.2521499
594,0,594,162184.29349825002
594,1,594,162184.29334839998
594,2,594,162184.293687
595,0,595,162184.33609604998
595,1,595,162184.33534674998
595,2,595,162184.3341014
596,0,596,162184.37632565
596,1,596,162184.376486
596,2,596,162184.37830585
597,0,597,162184.41880675
597,1,597,162184.41836145
597,2,597,162184.41829695
598,0,598,162184.4621691
598,1,598,162184.46039015
598,2,598,162184.46181235
599,0,599,162184.5022075
599,1,599,162184.5013795
599,2,599,162184.50147595
600,0,600,162184.54655154998
600,1,600,162184.54643699998
600,2,600,162184.5437327
601,0,601,162184.5854331
601,1,601,162184.5853569
601,2,601,162184.5852895
602,0,602,162184.62813475
602,1,602,162184.6271321
602,2,602,162184.62675370002
603,0,603,162184.6703038
603,1,603,162184.6682756
603,2,603,162184.66930115002
604,0,604,162184.71028895
604,1,604,162184.71019364998
604,2,604,162184.7117082
605,0,605,162184.7609083
605,1,605,162184.76095585
605,2,605,162184.75209075
606,0,606,162184.8026185
606,1,606,162184.7991695
606,2,606,162184.80331195
607,0,607,162184.84053594997
607,1,607,162184.8470505
607,2,607,162184.8466059
608,0,608,162184.87630345
608,1,608,162184.87800984998
608,2,608,162184.87813640002
609,0,609,162184.9184477
609,1,609,162184.9183626
609,2,609,162184.9182645
610,0,610,162184.96023615
610,1,610,162184.9608321
610,2,610,162184.9616462
611,0,611,162185.00218615
611,1,611,162185.00422075
611,2,611,162185.00115189998
612,0,612,162185.0461731
612,1,612,162185.04516059998
612,2,612,162185.04836485
613,0,613,162185.0854474
613,1,613,162185.0853491
613,2,613,162185.08540615
614,0,614,162185.1260623
614,1,614,162185.12728120002
614,2,614,162185.1272196
615,0,615,162185.16966185
615,1,615,162185.16802440002
615,2,615,162185.16912794998
616,0,616,162185.21050545
616,1,616,162185.20915645
616,2,616,162185.21066125
617,0,617,162185.251865
617,1,617,162185.25222760002
617,2,617,162185.25160740002
618,0,618,162185.29822835
618,1,618,162185.29579195002
618,2,618,162185.29398885
619,0,619,162185.33528425
619,1,619,162185.33536745
619,2,619,162185.3377277
620,0,620,162185.38206739997
620,1,620,162185.37625029997
620,2,620,162185.37617459998
621,0,621,162185.41964415
621,1,621,162185.41828450002
621,2,621,162185.4184003
622,0,622,162185.46090180002
622,1,622,162185.46016750002
622,2,622,162185.46011805
623,0,623,162185.5015689
623,1,623,162185.5046337
623,2,623,162185.50511194998
624,0,624,162185.54846415
624,1,624,162185.54787210005
624,2,624,162185.5501357
625,0,625,162185.5844587
625,1,625,162185.58536219998
625,2,625,162185.5862265
626,0,626,162185.62620444997
626,1,626,162185.62631505
626,2,626,162185.62779865
627,0,627,162185.66827965
627,1,627,162185.66904140002
627,2,627,162185.6691341
628,0,628,162185.7104033
628,1,628,162185.7102795
628,2,628,162185.70904885
629,0,629,162185.75107595
629,1,629,162185.75241415
629,2,629,162185.75235795
630,0,630,162185.79532844998
630,1,630,162185.79305079998
630,2,630,162185.79501615
631,0,631,162185.84074364998
631,1,631,162185.84603805
631,2,631,162185.83997185
632,0,632,162185.88118735
632,1,632,162185.87944765
632,2,632,162185.87961595
633,0,633,162185.91830159997
633,1,633,162185.9184184
633,2,633,162185.91849485
634,0,634,162185.96050335
634,1,634,162185.96062315
634,2,634,162185.9592199
635,0,635,162186.0024528
635,1,635,162186.0012624
635,2,635,162186.00346355
636,0,636,162186.04344975
636,1,636,162186.0433917
636,2,636,162186.04328985
637,0,637,162186.0853172
637,1,637,162186.0852339
637,2,637,162186.08651295002
638,0,638,162186.12631939998
638,1,638,162186.12745325
638,2,638,162186.12616975
639,0,639,162186.16847455
639,1,639,162186.1685422
639,2,639,162186.1702833
640,0,640,162186.21285220003
640,1,640,162186.21073674998
640,2,640,162186.21192580002
641,0,641,162186.25135825
641,1,641,162186.25140985005
641,2,641,162186.25148335
642,0,642,162186.2934194
642,1,642,162186.29327949998
642,2,642,162186.29347869998
643,0,643,162186.33523765003
643,1,643,162186.33534535
643,2,643,162186.33401455
644,0,644,162186.3773043
644,1,644,162186.3773311
644,2,644,162186.37741145
645,0,645,162186.42061045
645,1,645,162186.41961265
645,2,645,162186.41846965
646,0,646,162186.4641381
646,1,646,162186.46012045
646,2,646,162186.46148445
647,0,647,162186.50178955
647,1,647,162186.50239500002
647,2,647,162186.50119719998
648,0,648,162186.5433702
648,1,648,162186.54440425
648,2,648,162186.54349925
649,0,649,162186.58618215
649,1,649,162186.5851075
649,2,649,162186.58406735002
650,0,650,162186.6275622
650,1,650,162186.6273348
650,2,650,162186.6272309
651,0,651,162186.67007915
651,1,651,162186.6694912
651,2,651,162186.66877704998
652,0,652,162186.7114567
652,1,652,162186.710296
652,2,652,162186.71156159998
653,0,653,162186.7527762
653,1,653,162186.75239054998
653,2,653,162186.752154
654,0,654,162186.8052377
654,1,654,162186.793397
654,2,654,162186.79419385002
655,0,655,162186.83704384998
655,1,655,162186.83737144998
655,2,655,162186.83537855
656,0,656,162186.87658885
656,1,656,162186.87670750002
656,2,656,162186.87648500002
657,0,657,162186.91973145
657,1,657,162186.92034675
657,2,657,162186.9187459
658,0,658,162186.96036630002
658,1,658,162186.96064895
658,2,658,162186.96184055
659,0,659,162187.00650835
659,1,659,162187.00698230002
659,2,659,162187.00512035
660,0,660,162187.043898
660,1,660,162187.04360425
660,2,660,162187.04355529998
661,0,661,162187.0853262
661,1,661,162187.08542115
661,2,661,162187.08546255
662,0,662,162187.12706565
662,1,662,162187.12655345
662,2,662,162187.12638769997
663,0,663,162187.170193
663,1,663,162187.16925699997
663,2,663,162187.17071019998
664,0,664,162187.2103025
664,1,664,162187.21049979998
664,2,664,162187.20904685
665,0,665,162187.2527836
665,1,665,162187.25111970003
665,2,665,162187.25223835
666,0,666,162187.29406385
666,1,666,162187.29424055002
666,2,666,162187.2931328
667,0,667,162187.33547659998
667,1,667,162187.33532359998
667,2,667,162187.3354151
668,0,668,162187.3765214
668,1,668,162187.3777066
668,2,668,162187.37688604998
669,0,669,162187.4184251
669,1,669,162187.4185005
669,2,669,162187.4200093
670,0,670,162187.46030435
670,1,670,162187.45927705
670,2,670,162187.46021425002
671,0,671,162187.50114055
671,1,671,162187.5013058
671,2,671,162187.50229535002
672,0,672,162187.5450252
672,1,672,162187.54392934998
672,2,672,162187.54626600002
673,0,673,162187.58545685
673,1,673,162187.5840683
673,2,673,162187.58556055
674,0,674,162187.62612735
674,1,674,162187.6275851
674,2,674,162187.6266394
675,0,675,162187.6706369
675,1,675,162187.66875575
675,2,675,162187.66972785
676,0,676,162187.7103197
676,1,676,162187.71046895
676,2,676,162187.71041295
677,0,677,162187.75140475
677,1,677,162187.75129175
677,2,677,162187.7514467
678,0,678,162187.79431660002
678,1,678,162187.7950188
678,2,678,162187.79432125
679,0,679,162187.8357907
679,1,679,162187.83415429998
679,2,679,162187.83524035
680,0,680,162187.87744935002
680,1,680,162187.87903830002
680,2,680,162187.87755545002
681,0,681,162187.9181894
681,1,681,162187.9195626
681,2,681,162187.9183659
682,0,682,162187.96080705
682,1,682,162187.96066955
682,2,682,162187.96247015
683,0,683,162188.00400900003
683,1,683,162188.00302555
683,2,683,162188.00510115002
684,0,684,162188.04340265
684,1,684,162188.04330005
684,2,684,162188.04354945
685,0,685,162188.08535379998
685,1,685,162188.08542319998
685,2,685,162188.08422239998
686,0,686,162188.12816495
686,1,686,162188.12710955
686,2,686,162188.1294567
687,0,687,162188.16844069998
687,1,687,162188.1693225
687,2,687,162188.16827525
688,0,688,162188.2159811
688,1,688,162188.2180274
688,2,688,162188.21948055
689,0,689,162188.2526723
689,1,689,162188.25294675
689,2,689,162188.25125839998
690,0,690,162188.2936267
690,1,690,162188.2936998
690,2,690,162188.29323890002
691,0,691,162188.33710785
691,1,691,162188.33501455002
691,2,691,162188.33601855
692,0,692,162188.3775331
692,1,692,162188.3761687
692,2,692,162188.37741820002
693,0,693,162188.4180341
693,1,693,162188.41994975
693,2,693,162188.41902864998
694,0,694,162188.46022895002
694,1,694,162188.4594744
694,2,694,162188.45925
695,0,695,162188.50301255
695,1,695,162188.50193184998
695,2,695,162188.50218425
696,0,696,162188.54325375002
696,1,696,162188.54369735002
696,2,696,162188.54336230003
697,0,697,162188.5889614
697,1,697,162188.5900714
697,2,697,162188.58781735
698,0,698,162188.6272165
698,1,698,162188.6278551
698,2,698,162188.6260381
699,0,699,162188.66809265
699,1,699,162188.66801845
699,2,699,162188.66939735
700,0,700,162188.71151255
700,1,700,162188.7093404
700,2,700,162188.71112205
701,0,701,162188.7544767
701,1,701,162188.75303335
701,2,701,162188.75429830002
702,0,702,162188.796762
702,1,702,162188.79488745
702,2,702,162188.79332355
703,0,703,162188.83542765002
703,1,703,162188.83548495
703,2,703,162188.83533079998
704,0,704,162188.87652235
704,1,704,162188.87656035
704,2,704,162188.87666409998
705,0,705,162188.91896175
705,1,705,162188.92559564998
705,2,705,162188.92124785
706,0,706,162188.96016225
706,1,706,162188.96881075
706,2,706,162188.9645499
707,0,707,162189.0021443
707,1,707,162189.00503725
707,2,707,162189.00224425
708,0,708,162189.04344195
708,1,708,162189.0449274
708,2,708,162189.04327355
709,0,709,162189.08479155
709,1,709,162189.0855515
709,2,709,162189.08534235
710,0,710,162189.13151245
710,1,710,162189.12998079995
710,2,710,162189.13265425002
711,0,711,162189.1707039
711,1,711,162189.17067244998
711,2,711,162189.172661
712,0,712,162189.21399635
712,1,712,162189.2129649
712,2,712,162189.21508995
713,0,713,162189.2514669
713,1,713,162189.25158985
713,2,713,162189.253033
714,0,714,162189.29318205
714,1,714,162189.29438084998
714,2,714,162189.29313685
715,0,715,162189.33615699998
715,1,715,162189.33505845
715,2,715,162189.33736585
716,0,716,162189.3773528
716,1,716,162189.3772698
716,2,716,162189.3760556
717,0,717,162189.41885835002
717,1,717,162189.41819815
717,2,717,162189.42017285
718,0,718,162189.4644792
718,1,718,162189.46248815
718,2,718,162189.46344385
719,0,719,162189.5012606
719,1,719,162189.5028941
719,2,719,162189.5040299
720,0,720,162189.54326005
720,1,720,162189.54357295
720,2,720,162189.5443401
721,0,721,162189.5853625
721,1,721,162189.5854408
721,2,721,162189.5860962
722,0,722,162189.62729555002
722,1,722,162189.62613045
722,2,722,162189.62976480002
723,0,723,162189.6682587
723,1,723,162189.66832175
723,2,723,162189.66820695
724,0,724,162189.71043915
724,1,724,162189.71035439998
724,2,724,162189.7105017
725,0,725,162189.75280365
725,1,725,162189.75401854998
725,2,725,162189.75135665003
726,0,726,162189.79656855
726,1,726,162189.79463264998
726,2,726,162189.79846045002
727,0,727,162189.84260555002
727,1,727,162189.84111935
727,2,727,162189.83902890002
